,0,1,label
18,-0.375711443,-1.779317794,5
27,0.089864024,-1.675011504,5
28,0.089864024,-1.675011504,5
33,0.271428051,-1.850312257,5
35,0.043208771,-1.352895336,5
37,-0.919548887,-0.309378782,5
39,-0.706911406,-1.356409297,5
42,-0.815752471,-1.12233408,5
43,0.137891365,-1.902256922,5
47,0.43932003,-1.520169735,5
49,0.106551931,-1.671183764,5
50,0.319276708,-1.773722227,5
52,-0.59826555,-0.291162963,5
53,0.341075939,-1.165354693,5
58,-0.005188673,-0.37050566,5
59,0.093324665,-0.641342859,5
66,0.112114566,-1.669907851,5
67,0.290568685,-0.387468677,5
105,-1.021039262,-0.345251332,5
106,-0.094306137,-0.597348383,5
107,0.043982919,-0.225461793,5
108,0.197459669,-0.939888297,5
115,-0.936067987,-0.561640905,5
116,-0.854056463,-1.166800994,5
119,-0.379637491,-0.271756919,5
123,0.46902709,-1.158184766,5
124,-0.303104459,-0.738814702,5
134,0.522361804,-0.301838612,5
136,0.063055851,-0.157723717,5
137,-0.086300206,-1.47457162,5
138,0.337429243,-0.817737149,5
160,-0.716492095,-0.861762409,5
173,0.029221638,-1.643305272,5
176,-0.672634502,-0.710407747,5
182,-0.029704707,-0.901947419,5
184,0.495655176,-1.518757531,5
187,0.377797515,-1.501993008,5
188,0.162603356,-0.870990024,5
191,0.371629162,-0.656811481,5
192,0.546758736,-0.815163786,5
202,0.157162257,-1.613959268,5
253,-0.178441456,-1.362985456,5
254,-0.847294576,-1.178966522,5
255,-0.600474765,-0.638203791,5
256,0.012533731,-1.647133011,5
257,0.123786444,-1.621614748,5
258,0.49839925,-0.659847311,5
262,-0.22490066,-0.561817511,5
263,0.059939697,-0.730962976,5
264,0.074862042,-1.675968826,5
266,0.108237855,-1.668313347,5
267,0.582804112,-1.169343195,5
268,0.10267522,-1.66958926,5
269,0.295201491,-1.835460753,5
271,0.108237855,-1.668313347,5
272,0.197836211,-0.353995448,5
276,-0.81870363,-0.653531939,5
277,0.113800491,-1.667037434,5
288,-0.770078534,-1.802843606,5
301,-0.449165024,-1.753033806,5
303,-0.603608164,-1.806753802,5
309,0.134425162,-1.447798307,5
312,0.165285821,-1.321501496,5
314,0.252430727,-1.328833736,5
315,0.101887733,-1.495000896,5
317,0.254287991,-1.301086885,5
321,-2.224188465,0.540441637,5
324,0.050977628,-1.171450111,5
349,0.172335578,-1.588125513,5
358,0.002131709,-0.657292549,5
373,-0.07574519,-0.675155333,5
380,-0.6709472,-0.811678045,5
381,-0.598632937,-0.795091173,5
383,-0.259312165,-0.717260469,5
391,0.163646944,-0.349520719,5
393,-0.400460208,-1.397710125,5
398,-0.340715319,-0.49767053,5
399,-0.020118834,-0.662396201,5
405,-0.092433096,-0.678983073,5
407,-0.059057283,-0.671327594,5
408,-0.014556198,-0.661120288,5
409,0.10225915,-0.634326111,5
414,0.091133879,-0.636877938,5
415,0.091133879,-0.636877938,5
416,0.25821175,-0.327830195,5
417,0.274899657,-0.324002455,5
418,0.036887388,-0.368660967,5
421,-1.728068709,0.589734255,5
432,0.235961207,-0.332933848,5
433,-0.740850038,-0.08707919,5
440,0.007694345,-0.656016636,5
444,-0.21481108,-0.707053163,5
448,0.215901451,-0.342502422,5
450,-1.011639375,-0.7506495,5
452,-0.684325963,-1.487658131,5
456,-0.440534169,-0.525431837,5
458,0.01325698,-0.654740722,5
464,-0.113190014,-1.330909307,5
466,-0.12636082,-1.654154408,5
467,0.138024553,-0.360365206,5
470,0.052195429,-0.64580933,5
471,-0.403940691,-0.750434212,5
472,-0.059057283,-0.671327594,5
473,0.006136518,-0.770522994,5
476,0.270290542,-1.396764878,5
477,-0.458531236,-0.427829392,5
481,0.020487231,-0.814523668,5
530,-0.086513503,-0.820771592,5
546,-0.269242093,-0.902423838,5
548,0.058962563,-0.745180321,5
575,-0.364481722,-1.045796171,5
577,-0.516282764,-1.70724497,5
604,0.595972265,-1.306985384,5
640,0.154231033,-0.460054789,5
650,0.380966377,-0.383035976,5
652,-0.793739841,-1.836935293,5
663,-0.39857951,-1.480815935,5
665,-1.118409188,-1.480498176,5
666,-0.18740456,-1.993347649,5
673,-0.207522153,-0.545689502,5
674,-0.272433449,-0.801323601,5
675,0.190822072,-1.87769753,5
680,0.26077421,-1.88152217,5
681,-0.259881109,-1.283677596,5
682,0.264978883,-0.427201186,5
684,-0.199962127,-0.567042998,5
685,0.470505057,-1.508049334,5
686,-0.239821353,-1.274109022,5
687,0.339006534,-0.161849983,5
688,0.125097101,-1.639609174,5
700,0.108742717,-1.675648686,5
701,0.120544189,-1.655555765,5
718,-0.364894985,-1.290378852,5
720,-0.101301967,-1.957121189,5
728,-0.438474132,-0.879148107,5
729,-0.426836221,-0.697826266,5
731,-0.752919197,-1.827673953,5
732,-0.053078577,-1.705314829,5
733,-0.061266378,-0.830791948,5
734,0.327287609,-1.184994281,5
736,-0.108284115,-0.805793681,5
737,0.104361144,-1.666718843,5
743,0.308336058,-1.083298938,5
746,-0.152108879,-0.610883419,5
748,0.330112852,-1.224994724,5
750,0.326398325,-1.280488425,5
751,0.085987313,-1.673417,5
752,0.097112584,-1.670865173,5
755,-0.012791911,-0.277314703,5
756,0.03067362,-0.215175953,5
757,-0.063891186,-0.236866477,5
758,-0.075016457,-0.239418304,5
759,0.278008723,-1.831953153,5
760,0.187959157,-0.414978655,5
761,-0.052765914,-0.234314651,5
762,0.098798509,-1.667994756,5
763,0.22133497,-0.407323175,5
764,-0.002702194,-0.222831432,5
765,0.036236255,-0.21390004,5
766,0.490190487,-0.410140996,5
784,-0.383594682,-1.266336358,5
792,-0.496643107,-1.019159822,5
798,0.092658154,-1.560877169,5
799,0.092658154,-1.560877169,5
801,-0.110545265,-1.477750821,5
802,0.253020788,-1.878333162,5
803,-0.015826053,-1.699253854,5
804,-0.078855376,-1.472965759,5
806,-0.13689106,-0.740254478,5
808,-0.16884896,-1.314780417,5
811,0.005988836,-1.387844333,5
814,0.27527133,-1.873229509,5
815,0.406588769,-0.372191489,5
826,0.01367305,-1.690003871,5
829,0.044217118,-1.263425298,5
833,0.117784303,-0.476774852,5
835,0.047361527,-0.211348213,5
843,0.280833966,-1.871953596,5
844,0.280833966,-1.871953596,5
855,-0.137601227,-0.624766835,5
864,-0.786253368,-1.113084097,5
870,-0.754759528,-1.587350812,5
874,0.073690134,-1.604209944,5
877,-0.878626232,-0.761788011,5
881,0.030108448,-0.812141903,5
882,-0.338090154,-1.373469324,5
884,0.000366147,-1.606126138,5
885,0.246114905,-1.832726626,5
886,-0.599122244,-0.415545129,5
887,0.02769012,-1.889369247,5
888,-0.405414909,-0.571210865,5
889,-0.285485191,-1.130592807,5
890,-0.570138433,-1.045952449,5
891,-0.260213255,-1.355606539,5
893,0.23245617,-1.880566397,5
894,-1.067732259,0.07218496,5
895,0.21628228,-1.809764838,5
896,0.466156074,-1.528007514,5
897,-0.100051798,-0.978776184,5
900,-0.307852145,-0.668785065,5
901,0.005792685,-1.197727391,5
903,0.254706712,-1.875462745,5
904,0.22011222,-1.360266551,5
905,0.108995071,-0.808949795,5
906,0.15721846,-0.557143436,5
908,-0.077331635,-1.413007137,5
909,-0.179200926,-1.069715839,5
920,0.254945882,-1.447475067,5
921,0.083199963,-0.740530001,5
927,-0.460201503,-0.727657822,5
928,-0.082914853,-1.282324349,5
929,-0.256969624,-1.425806237,5
930,-0.945343773,-0.722551234,5
932,-1.043640037,-1.06780545,5
934,0.097112584,-1.670865173,5
935,-0.277407401,-1.247958225,5
936,0.193517721,-1.88949779,5
937,0.085987313,-1.673417,5
938,-0.167650863,-1.705673389,5
939,-0.451250086,-0.452571084,5
940,0.243581441,-1.878014571,5
941,-0.06604418,-1.467543515,5
943,-0.061764738,-1.202379261,5
944,0.069334647,-1.245245472,5
947,0.097112584,-1.670865173,5
948,0.12122039,-1.63801467,5
949,-0.278177955,-0.80529987,5
950,-0.354280976,-1.570737755,5
951,-0.074088004,-1.483206835,5
952,0.3786359,-1.541540118,5
955,0.186057019,-0.862392561,5
956,-0.268778975,-0.962835792,5
957,0.08670791,-1.141912,5
958,-0.053078577,-1.705314829,5
959,-0.673509505,-0.998719189,5
960,0.052611499,-1.681072479,5
962,-0.033230963,-0.664494696,5
963,-0.124690553,-1.354325977,5
964,0.173364988,-1.543007629,5
965,0.173364988,-1.543007629,5
966,-0.565588275,-0.821724429,5
967,-0.021471235,-0.697478391,5
969,0.136885234,-0.317494347,5
970,-0.002942997,-0.933973792,5
972,0.289133994,-1.829401327,5
974,0.251252317,-0.878152202,5
975,-0.40121082,-0.507967812,5
976,0.461936685,-1.576165876,5
977,0.052611499,-1.681072479,5
978,-0.187804981,-1.505203345,5
979,0.23098598,-1.344596476,5
980,-0.243592238,-0.645685436,5
981,-0.227288753,-0.744687178,5
982,0.189558463,-0.884851909,5
983,0.361253483,-1.726838228,5
984,0.361253483,-1.726838228,5
985,-0.333965247,-1.302848817,5
986,0.466457007,-1.531331263,5
988,0.274607878,-0.238714068,5
989,0.113800491,-1.667037434,5
990,0.28251989,-1.869083179,5
991,0.366816119,-1.725562315,5
992,0.314425514,-1.325457779,5
993,0.6331922,-1.272036387,5
996,0.045543432,-1.578377738,5
997,0.010841304,-1.271080777,5
998,-0.010219021,-1.184014036,5
999,0.06373677,-1.678520652,5
1000,0.01640394,-1.269804864,5
1001,0.173638458,-1.792225293,5
1002,-0.138358443,-1.484130387,5
1003,0.044217118,-1.263425298,5
1004,-0.358029905,-0.279857395,5
1005,-0.022038802,-1.368036233,5
1006,-0.27688423,-1.091364288,5
1007,0.049779753,-1.262149385,5
1008,0.344394238,-1.755542401,5
1009,0.060905025,-1.259597559,5
1010,0.055342389,-1.260873472,5
1011,0.28251989,-1.869083179,5
1012,0.014203999,-1.347304581,5
1013,0.116594621,-1.552903099,5
3,-7.018775258,-2.079455014,4
5,-5.193101963,0.247017298,4
71,-3.727064152,-0.388899074,4
77,-4.729706677,-2.264223855,4
81,-4.523555858,-1.767634593,4
142,-3.542922987,0.132417726,4
155,-4.745722872,1.962743747,4
218,-4.756051197,-0.961699508,4
219,-6.749848539,-0.115656658,4
222,-4.093507502,-0.460809075,4
237,-4.174152322,0.766566452,4
285,-8.182543238,0.389906402,4
357,-3.421823171,-0.07979325,4
427,-4.796145224,-0.313704674,4
428,-6.428248509,-1.066891321,4
502,-5.804647751,-2.545557289,4
36,-6.671185253,7.671062891,3
64,-4.928364901,5.663364573,3
620,-5.863476533,7.68337315,3
0,-2.553065202,0.109349867,2
2,-1.924909498,0.954690197,2
4,-1.710193577,-1.201456862,2
12,-2.103894066,0.273903471,2
13,-1.903827797,0.320905695,2
21,-2.851677105,-1.589318307,2
25,-1.216051626,-0.400577555,2
26,-1.80914911,-1.296182182,2
30,-0.698141912,-0.012458514,2
38,-1.166742366,-1.456739318,2
40,-1.317796845,-1.424224962,2
60,-1.079167367,-0.282250166,2
72,-2.360102704,-0.888274681,2
74,-1.528432846,-0.86448085,2
75,-0.965392615,-0.896076808,2
76,-1.083223849,-0.524862436,2
80,-2.63323255,0.941429934,2
82,-2.222352281,-1.964522285,2
87,-0.712289037,-0.806491018,2
88,-2.000737731,-1.173086108,2
89,-0.886566049,-0.211334403,2
90,-2.656350402,-1.580196867,2
92,-2.378355993,-1.674306378,2
94,-1.173142547,0.359905207,2
96,-1.588327706,0.098975781,2
98,-2.047339535,0.414127322,2
99,-1.773407042,-0.681981146,2
100,-2.594232551,1.250802976,2
103,-1.41269655,-1.309562999,2
109,-1.314742741,-1.495653895,2
112,-1.816740348,-1.350081378,2
133,-1.559463467,-1.119794809,2
145,-1.133983799,0.280465659,2
146,-2.988226407,0.063538048,2
148,-1.302874538,0.45763497,2
152,-1.475678504,-0.360628485,2
157,-1.97040912,0.140596112,2
159,-0.975424878,0.531191358,2
161,-2.111546752,-0.749606095,2
213,-2.826037503,0.115540156,2
215,-1.623323018,0.088921016,2
216,-2.051889324,1.824551097,2
226,-1.064786658,0.19295389,2
230,-1.961834523,-1.596153983,2
238,-0.903862323,-0.728148182,2
243,-2.572416721,-0.013834146,2
287,-2.584509943,0.259711155,2
304,-1.560682867,-1.059702629,2
360,-2.408613686,0.540321433,2
365,-0.885483468,-0.327063242,2
369,-0.740854942,-0.293889499,2
371,-1.273552177,-0.709153528,2
388,-1.156736829,-0.682359351,2
429,-1.840369916,0.142212193,2
430,-0.338735757,-0.596622669,2
442,-1.576274188,-0.048401032,2
460,-1.013424087,-0.356409245,2
461,-2.291967431,-0.860554823,2
468,-1.364434454,0.50659722,2
498,-1.755719943,-0.670648007,2
499,-3.084494791,-0.691852377,2
500,-1.568348272,0.350737924,2
501,-1.989341086,1.200729907,2
506,-3.100934807,-0.100419839,2
513,-2.024565543,1.401643701,2
514,-1.072694174,-0.063029151,2
520,-1.653998057,-0.205316659,2
523,-1.659330464,-0.59232261,2
569,-1.273183413,-0.309366033,2
572,-1.105230869,-0.895992802,2
573,-1.105230869,-0.895992802,2
583,-1.424213802,-1.184085717,2
641,-0.617207223,0.584737684,2
646,-0.789913965,0.184126011,2
647,-1.268190996,-1.439535252,2
651,-1.583504819,-0.645393352,2
660,-1.489160874,-0.88776123,2
670,-1.603265138,-0.741721434,2
712,-1.257867492,-1.069577763,2
713,-0.526330636,0.41937689,2
714,-1.555120231,-1.058426716,2
717,-1.904876984,0.236772611,2
719,-2.94512031,-0.664749417,2
723,-2.368920933,0.378530295,2
727,-1.663309464,-1.555001521,2
735,-1.535127125,0.032388169,2
781,-3.009041945,1.227482611,2
785,-1.707577881,-0.758298498,2
789,-1.346712603,-0.872298642,2
793,-0.457794982,-0.193282405,2
800,-0.219949921,-0.485922472,2
805,-1.428385107,-0.067517827,2
820,-0.560009702,-0.590018733,2
822,-0.850852792,-0.130661928,2
857,-1.991277423,-0.548588134,2
858,-0.973795156,-0.522754057,2
860,-0.363568723,-0.533766892,2
861,-1.432052957,0.345225232,2
867,-0.849351952,-0.114202131,2
869,-1.755725347,-1.821810056,2
875,-1.687934195,0.286533225,2
878,-1.718083412,0.609776777,2
883,-1.391398312,-0.676924874,2
923,-0.973666939,-0.446813525,2
925,-2.038677654,0.270264637,2
926,-0.997767087,-0.481135148,2
931,-1.784827732,0.636849639,2
942,-0.516584695,-0.84300524,2
946,-1.120390956,0.173482813,2
968,-0.932650365,-0.14607688,2
971,-0.853086165,-0.229484393,2
995,-1.805747425,-1.11104794,2
1,0.11623761,-0.338274267,1
7,0.870577635,0.734996118,1
8,0.136214007,-0.597246816,1
9,0.325402727,0.282098073,1
14,-0.16384005,0.86684929,1
17,1.347366326,0.091408717,1
19,0.883289887,0.491441894,1
20,1.143486244,0.033952099,1
22,1.412368326,0.286872058,1
24,0.864756245,-0.423224753,1
31,0.996909751,0.033202263,1
32,1.449392774,0.195198621,1
34,1.233937107,-0.122461923,1
44,0.720133123,0.694763552,1
45,1.230736597,-0.103326325,1
46,1.328673251,-0.075894966,1
56,1.001206125,0.566436508,1
62,1.533574401,0.38670103,1
65,1.505523992,0.200622414,1
68,1.317205303,-0.128199659,1
69,1.240125045,-0.238686169,1
78,0.563158893,-0.369301084,1
79,0.730433757,-0.200159513,1
83,0.471653474,0.501165033,1
93,1.20228944,-0.168467219,1
95,1.583043933,0.361549631,1
97,1.387959586,0.257345304,1
104,1.348385204,0.158702678,1
110,0.770153824,0.088142151,1
118,0.909065308,0.363233539,1
122,1.217982139,-0.035890589,1
126,1.609140073,0.519193557,1
130,1.612413441,0.398999797,1
131,1.151587469,-0.19426598,1
139,1.541295363,0.250012153,1
141,1.58911143,0.355490205,1
150,1.172994501,0.12516672,1
151,1.225258268,0.025909135,1
153,1.478044337,0.162031076,1
164,1.211046982,0.182751881,1
168,1.561126913,0.324234206,1
177,1.326954737,-0.049877361,1
197,1.443210675,0.249239592,1
198,1.487451094,0.190600508,1
199,1.487451094,0.190600508,1
200,1.29897022,-0.08113336,1
206,1.506501127,0.214839759,1
212,1.190655513,-0.21353477,1
214,0.686141597,-0.326772453,1
217,0.631719738,-0.440178489,1
220,0.526075333,0.61457107,1
225,0.847620214,-0.346859175,1
229,0.974377961,0.091210921,1
231,1.579094364,0.464202297,1
232,0.296194128,-0.377468302,1
234,0.758437551,-0.474114857,1
235,1.310365312,0.072229494,1
239,0.777598433,0.571340259,1
240,1.526196246,0.410754882,1
245,0.521870224,0.373595409,1
246,0.094741251,-0.701676923,1
247,0.094741251,-0.701676923,1
261,0.771153016,0.095647551,1
270,1.5959862,0.464018447,1
273,0.704799927,1.480921064,1
275,1.295637741,0.931259117,1
279,1.608870253,0.368382529,1
282,1.569988541,0.432309116,1
286,0.797449264,0.697314467,1
289,1.267475105,-0.171894649,1
291,1.255520604,-0.052934727,1
292,1.337511444,0.143032604,1
293,0.861267883,0.707114526,1
294,1.296287855,0.598765582,1
296,1.483102111,0.170642328,1
299,1.049274675,0.546619192,1
302,1.453798624,0.125626888,1
306,1.571308482,0.333891436,1
308,-1.05201958,1.932117758,1
311,1.148144602,-0.080047495,1
326,1.361057651,0.110360466,1
330,1.243033776,-0.172533381,1
331,1.279781439,-0.159137067,1
336,0.939252523,0.744636023,1
338,1.420055856,0.128860433,1
342,0.929771456,0.717730628,1
344,1.4274666,0.075918558,1
345,1.246440867,0.265206721,1
346,1.55677793,0.304276027,1
348,1.61453137,0.495593037,1
350,1.622357649,0.391345867,1
351,1.359353417,-0.056439227,1
353,1.553569107,0.291657758,1
362,0.971423456,-0.384765058,1
368,0.228912827,-0.170450546,1
370,0.713896661,-0.289110151,1
378,0.939106888,-0.167909245,1
386,1.248758596,-0.228345672,1
402,1.175939471,-0.237597205,1
424,1.264436779,-0.209847255,1
425,1.45987441,0.125468701,1
431,0.535578484,-0.23793904,1
435,1.084006611,-0.08806519,1
436,1.629199829,0.528762131,1
437,0.60057133,-0.124440338,1
438,1.444442637,0.394486602,1
439,-0.001881995,-0.056827949,1
441,0.612150564,-0.264265103,1
445,0.112841511,0.223407616,1
447,0.685849818,-0.241484065,1
449,1.298516257,0.061243232,1
454,1.17287771,-0.164697151,1
463,0.360654113,0.481429679,1
474,1.464061233,0.228367715,1
475,0.31453891,0.994007312,1
478,1.645317824,0.435313362,1
487,1.236452262,-0.241103255,1
489,1.628091624,0.417498213,1
490,1.599935768,0.361365781,1
491,1.584152138,0.472813549,1
494,1.557078864,0.300952277,1
496,1.585739581,0.349749371,1
497,0.636179572,0.600995555,1
504,0.871676686,0.764295398,1
508,0.988339004,0.930142417,1
509,1.575088059,0.493996983,1
512,1.010401275,0.642299646,1
517,0.374375866,0.704797024,1
518,1.2118679,0.029486265,1
519,0.623137086,-0.315477733,1
521,0.36355963,-0.265734164,1
524,0.530063459,0.258459216,1
526,0.558404906,-0.360130045,1
527,1.505900102,0.271698028,1
528,0.556727914,0.200556421,1
531,1.267653224,0.900003118,1
532,0.540204844,0.600527766,1
534,1.242149998,0.213965806,1
551,1.233044174,0.182072625,1
552,1.079308448,0.221146416,1
553,1.066225057,1.02996984,1
555,0.746022361,0.647736554,1
556,1.519345754,0.241584751,1
557,1.567765294,0.303274168,1
558,0.851370795,0.812101096,1
559,1.602159986,0.378223608,1
561,1.580681807,0.341138119,1
563,1.56199873,0.306009844,1
564,1.548511334,0.283046506,1
565,1.464354464,0.242473454,1
576,1.202021331,0.112864019,1
578,0.203032088,-0.074683898,1
579,1.071177106,-0.257416709,1
580,1.007759742,-0.125704766,1
581,1.435605286,0.225769803,1
582,0.182272696,0.009059094,1
585,1.470290915,0.165220085,1
588,0.609404579,-0.035076755,1
592,1.029324929,-0.220106845,1
595,1.541165639,0.440600227,1
597,1.219808751,0.269032911,1
600,0.998186643,-0.291544675,1
601,1.44645293,0.283180609,1
602,1.190968917,0.009254031,1
603,0.973973853,-0.071407122,1
606,1.222529187,0.016386647,1
607,1.141096655,-0.232353327,1
608,1.517325464,0.220715335,1
609,0.885252573,0.363389932,1
612,1.467221452,0.255549627,1
615,0.196386155,1.181393481,1
616,1.045657763,0.540996686,1
621,1.622357649,0.391345867,1
623,1.438591871,0.078470385,1
624,1.595855129,0.366971875,1
625,1.380635955,-0.00944091,1
628,1.497599231,0.178934989,1
629,1.578995883,0.338267702,1
630,1.380635955,-0.00944091,1
631,1.482320463,0.283047418,1
633,1.509735069,0.217026909,1
634,1.41941222,0.056578687,1
635,1.478948614,0.277306583,1
636,1.529631798,0.233472917,1
637,1.640764912,0.419366772,1
643,0.695437069,-0.106073563,1
645,0.893936383,0.851363688,1
648,0.712852078,0.531264724,1
649,0.905398928,-0.247493668,1
654,1.014613884,-0.356563326,1
655,1.014613884,-0.356563326,1
657,1.010412804,-0.240792412,1
658,1.364763023,0.083889529,1
664,1.466846209,0.260537412,1
668,1.277488497,0.093569322,1
672,0.796841865,-0.284812192,1
677,0.992321597,-0.414743594,1
678,0.992321597,-0.414743594,1
690,1.454711214,0.272656263,1
692,1.572960975,0.315439105,1
693,1.522350648,0.258214609,1
694,1.382396951,0.256069391,1
695,1.463849603,0.249808792,1
696,1.432353877,0.109864147,1
697,1.119418805,0.158318926,1
698,1.582938615,0.329107923,1
699,1.562340566,0.30555194,1
702,1.377126199,-0.01873543,1
703,1.588501251,0.330383837,1
704,1.460982615,0.236732619,1
705,1.490855533,0.16745332,1
706,1.479967598,0.156360024,1
707,1.53347592,0.260766436,1
710,1.459884431,0.283496739,1
715,1.401186317,0.211462253,1
722,1.439499943,0.243596955,1
724,1.269675046,-0.094394933,1
725,1.048259518,-0.198096819,1
738,1.260644374,-0.077741379,1
739,0.835446791,-0.243669028,1
741,1.218796854,-0.271480551,1
742,1.218796854,-0.271480551,1
754,1.205600758,-0.285435427,1
769,1.601621693,0.364236198,1
771,0.74044442,0.299438517,1
773,0.783576604,0.521310876,1
774,1.361039341,-0.05356881,1
776,1.313833453,-0.133940493,1
777,1.452079268,0.101433723,1
778,1.533003647,0.239213752,1
779,1.516618126,0.331456389,1
780,1.571674465,0.435179533,1
788,1.60721776,0.38683486,1
790,1.066568299,-0.296010508,1
791,1.066568299,-0.296010508,1
807,1.252097856,-0.193716815,1
810,0.807477829,0.097285679,1
816,0.907957102,0.251969621,1
817,1.321262507,-0.022953092,1
824,0.903580093,-0.366311815,1
827,1.121647207,-0.379203424,1
828,1.015135678,-0.095828673,1
830,1.105752292,-0.075626198,1
831,1.105752292,-0.075626198,1
832,1.260560068,-0.208252751,1
834,1.521878376,0.236661925,1
836,1.25449257,-0.202193326,1
837,1.070925595,-0.244298461,1
838,1.299336333,-0.142233154,1
839,1.200656054,0.673239242,1
842,1.543086605,0.285324278,1
846,1.137283646,-0.413781623,1
847,1.137283646,-0.413781623,1
848,1.440750068,0.102893486,1
849,1.606893027,0.35650365,1
850,1.563244843,0.420827447,1
851,1.556501144,0.409345778,1
852,-0.051906723,-0.705509312,1
853,-0.051906723,-0.705509312,1
876,1.072945043,-0.273639816,1
912,1.229708564,-0.252584924,1
913,1.229708564,-0.252584924,1
914,0.919714178,-0.241901363,1
915,0.919714178,-0.241901363,1
916,1.17289199,-0.357514449,1
917,1.17289199,-0.357514449,1
919,1.244377023,-0.21941583,1
922,1.248082395,-0.245886767,1
1014,1.592483279,0.36123104,1
1015,1.171697054,1.088653187,1
1016,1.593591485,0.472494958,1
1017,1.61102845,0.39280563,1
6,-1.392869499,0.719961028,0
10,-1.563257891,1.187206346,0
11,-1.284681735,1.341449909,0
15,-0.615403086,2.136857277,0
16,0.856205083,1.202672681,0
23,-0.37130769,1.371717522,0
29,-0.002245428,0.971939962,0
41,0.651100847,0.794299044,0
48,-0.593510086,-0.175087247,0
51,0.257442573,0.010687445,0
54,-1.573338445,0.976669332,0
55,0.628335446,0.664355322,0
57,-0.655902421,0.288976144,0
61,0.669314304,1.268761925,0
63,0.706199516,0.974429531,0
70,0.40309141,1.914550665,0
73,-0.042067501,0.438381005,0
84,0.465690889,0.53162976,0
85,0.027197918,1.464129756,0
86,-0.609940234,0.940389764,0
91,0.033457804,0.413656201,0
101,0.317523637,1.339402558,0
102,-0.324686301,0.513461372,0
111,0.205116483,0.669755314,0
113,-0.475791429,0.436123057,0
114,0.125630646,1.134097995,0
117,0.404395608,0.597330129,0
120,0.064651451,0.662092725,0
121,0.549662385,0.644819413,0
125,0.011828535,-0.065694186,0
127,0.313553107,0.817238658,0
128,0.400963171,1.358541256,0
129,-0.246858897,0.798923016,0
132,0.554693059,0.552044371,0
135,-0.288562943,-0.216558136,0
140,0.744936714,1.474112431,0
143,-0.234259094,0.949492256,0
144,-0.256509637,0.944388604,0
147,-0.430926171,0.966548308,0
149,0.332039601,0.527666642,0
154,-0.167507467,0.964803215,0
156,0.23491471,1.094611397,0
158,0.270850609,0.513631596,0
162,-0.372046596,0.676283246,0
163,-0.437419735,1.046089106,0
165,-2.342031483,4.135700085,0
166,-1.360050943,0.516474833,0
167,-0.433065005,2.152674734,0
169,0.022720882,1.53984915,0
170,-0.656427744,0.615846656,0
171,-0.040612811,1.437736609,0
172,-0.267898569,0.476637699,0
174,0.432352126,1.366650067,0
175,0.591880939,0.461529905,0
178,0.042537439,0.764683472,0
179,0.116318242,0.645329114,0
180,-0.840392859,1.01615868,0
181,-0.106318475,0.97883826,0
183,-1.478666388,3.407904795,0
185,0.322112325,0.803390562,0
186,-0.743877712,0.040368601,0
189,0.462208622,0.019490295,0
190,-0.377465356,0.453989852,0
193,0.386726716,1.419094985,0
194,-0.084067933,0.983941912,0
195,-0.103622827,0.967038,0
196,0.117718689,0.794346516,0
201,-0.089630569,0.982665999,0
203,0.563307637,1.544801337,0
204,0.538018768,1.501745078,0
205,-0.078505297,0.985217826,0
207,-0.33048627,1.001655128,0
208,-0.33048627,1.001655128,0
209,-0.33048627,1.001655128,0
210,-0.33048627,1.001655128,0
211,0.191572627,1.999877982,0
221,-1.092478022,0.870824978,0
223,0.519683245,1.216399151,0
224,-0.180973581,1.314451666,0
227,-0.323261264,0.929077645,0
228,0.263143958,0.065727814,0
233,0.122516711,0.506928791,0
236,-1.179542293,0.963204409,0
241,-0.084067933,0.983941912,0
242,-1.459312851,2.100776996,0
244,-0.977709585,0.681066595,0
248,0.686638144,1.362300898,0
249,0.198691593,2.032224495,0
250,-0.336472218,0.865579157,0
251,0.106781791,0.415572395,0
252,-1.375370671,0.438347743,0
259,0.181180016,0.661781244,0
260,-1.090186601,0.508830202,0
265,-0.664579306,1.061452823,0
274,-0.084067933,0.983941912,0
278,0.42156303,1.792773758,0
280,0.59028243,1.590728013,0
281,0.564993561,1.547671754,0
283,0.594762484,1.707732765,0
284,0.104030217,0.796500807,0
290,0.793297577,1.214655241,0
295,-0.475590817,1.117569923,0
297,-0.001674519,0.208300489,0
298,-0.084248204,0.395508595,0
300,0.120857871,-0.006822978,0
305,-0.303829342,0.782835563,0
307,0.579420199,0.691965881,0
310,0.156757994,-0.035844192,0
313,0.590383286,0.751605912,0
316,0.589030884,0.716523723,0
318,0.08734596,0.392644377,0
319,0.220876678,0.669160207,0
320,-0.544724255,1.022058892,0
322,-0.036041747,0.379244964,0
323,0.551264343,0.635833449,0
325,-0.223522052,0.01087578,0
327,0.155576931,-0.046049948,0
328,0.185580896,-0.044135304,0
329,0.167883265,-0.033292366,0
332,0.584640157,0.643488928,0
333,0.463949253,0.995740786,0
334,0.053211399,1.37049918,0
335,0.431592318,1.055379268,0
337,0.744640806,0.973266774,0
339,0.51047894,1.058571375,0
340,0.498172606,1.045813793,0
341,0.508793015,1.055700958,0
343,0.492105109,1.051873218,0
347,0.746695495,1.375924686,0
352,0.732027036,1.342755592,0
354,0.962987738,1.243361601,0
355,-1.036824202,1.129478024,0
356,0.60319861,1.3431622,0
359,-0.593333342,0.102395046,0
361,-0.759185754,0.317516964,0
363,-1.462191744,1.315461426,0
364,-0.145826542,0.113644755,0
366,-0.52165226,0.719545443,0
367,-0.451316498,0.159225431,0
372,-0.221456831,0.391357616,0
374,-1.083658951,0.48383714,0
375,0.132650188,-0.068694695,0
376,0.824278805,1.068399339,0
377,-0.900091975,0.525942275,0
379,-0.239588841,1.273534426,0
382,0.380832932,0.484974148,0
384,-0.110204119,0.41687588,0
385,0.035525875,0.63334068,0
387,0.435773933,0.398227547,0
389,-0.009256602,0.236365931,0
390,0.029519663,0.302385528,0
392,0.219669529,0.308919822,0
394,-0.727650271,0.565495584,0
395,-0.654522333,0.088360001,0
396,0.392111233,0.348473131,0
397,-0.668309388,0.633748416,0
400,0.330083856,0.373985196,0
401,-0.212531501,0.316409726,0
403,-0.476517994,0.129189223,0
404,0.118387112,0.625782258,0
406,0.160292027,-0.087191563,0
410,0.068458112,0.31131692,0
411,0.261303627,0.306050955,0
412,0.345616787,0.717641809,0
413,0.157091517,-0.068055964,0
419,-0.202758632,0.283879363,0
420,0.209526518,0.045803404,0
422,0.403236504,0.351024957,0
423,0.842081754,1.089998109,0
426,-1.21607787,1.888677124,0
434,-0.774330237,1.331992597,0
443,0.428869427,0.339693368,0
446,0.531025471,0.415283089,0
451,-0.972406238,0.509355403,0
453,0.478980295,1.555415251,0
455,-0.136007004,0.299190321,0
457,-0.010826196,1.710852079,0
459,-0.568512719,1.379201385,0
462,-0.666297718,0.418301709,0
465,0.445560085,1.033795867,0
469,0.00453823,-0.122917132,0
479,0.065727222,-0.108882087,0
480,-0.206841923,-0.171401833,0
482,0.150852681,-0.086872972,0
483,0.318556795,1.21387922,0
484,0.7154702,1.435974425,0
485,0.346672359,1.316329163,0
486,0.407225442,1.266505603,0
488,0.462156291,1.958710345,0
492,0.257901405,2.003430755,0
493,0.751680412,1.4855941,0
495,0.456495174,1.831499837,0
503,-0.400138933,1.969511299,0
505,-0.75842479,1.006239294,0
507,-0.98821639,1.484113865,0
510,0.117307063,1.014821913,0
511,-0.326305772,1.017842914,0
515,-0.712947003,0.515846711,0
516,-1.056706116,0.765863231,0
522,-0.502847699,0.254938418,0
525,0.396524398,1.171571247,0
529,0.452399514,0.480937371,0
533,-0.274744398,0.739250126,0
535,-0.179195648,1.430403968,0
536,0.57134386,0.908725425,0
537,-1.224039471,2.020723393,0
538,0.066178453,1.232121992,0
539,-0.221280089,1.567396098,0
540,-0.860936417,1.86812948,0
541,-0.860936417,1.86812948,0
542,-1.231442438,2.259770621,0
543,-1.231442438,2.259770621,0
544,-0.111873544,0.16725822,0
545,0.223019419,0.550760072,0
547,0.249923815,1.248449084,0
549,0.39536292,1.890322771,0
550,-0.721870527,1.90002731,0
554,-0.766371611,1.889820004,0
560,0.599755208,1.611732171,0
562,0.071272768,2.263613144,0
566,0.390166396,1.827947064,0
567,0.90522649,1.257714599,0
568,-1.208889705,1.969833336,0
570,-0.045600692,0.539939145,0
571,0.003515168,1.193775452,0
574,-0.515740167,1.817595556,0
584,0.055138405,0.713258707,0
586,-1.351608109,1.47631896,0
587,0.096697734,1.899546569,0
589,0.104985856,1.16985944,0
590,-0.189364968,1.298845167,0
591,0.589791415,0.89042882,0
593,0.42613858,1.038542834,0
594,-0.475055175,0.670670043,0
596,0.906179477,1.170185943,0
598,-1.2039485,1.206988471,0
599,-0.599663432,1.944295225,0
605,0.310660033,0.454127856,0
610,0.841438142,1.043568992,0
611,0.710816997,0.883416721,0
613,-1.513058383,3.196747278,0
614,0.336124807,1.205383836,0
617,0.812101224,0.977230804,0
618,-0.530979351,2.437569391,0
619,0.924048446,1.184219438,0
622,0.964339297,1.22823302,0
626,0.90243236,1.143580264,0
627,0.944108202,1.193788012,0
632,0.603297554,1.592138668,0
638,0.965887314,1.227549752,0
639,-1.335574715,1.243128604,0
642,0.515098528,1.100177679,0
644,-0.527853101,0.924446272,0
653,0.06506377,1.525633354,0
656,0.216940856,1.562953428,0
659,0.653138604,0.928886966,0
661,0.385814662,1.117714125,0
662,0.009236236,2.207160571,0
667,-0.490639847,0.141761406,0
669,0.259756016,1.570290316,0
671,0.400096047,0.587166448,0
676,-0.253331243,-0.077015092,0
679,0.316321613,0.704380237,0
683,-0.140137066,0.295001916,0
689,-0.010780343,0.176407309,0
691,0.703741586,1.314823342,0
708,0.565629494,1.637382988,0
709,0.522845447,1.475911323,0
711,0.342682911,1.410658999,0
716,0.27684306,0.270784916,0
721,0.411957548,0.798412631,0
726,-0.904079972,0.719666238,0
730,-0.552872529,0.275425775,0
740,-0.113756921,1.491786668,0
744,-0.322519765,1.076419168,0
745,-0.566318181,0.305539053,0
747,-0.292070411,0.090527014,0
749,0.326906781,0.282268134,0
753,0.48432957,0.05279413,0
767,0.403080822,0.029190511,0
768,0.796937057,1.033361687,0
770,0.859478451,1.082478921,0
772,0.482732438,1.077851523,0
775,0.169887997,1.343528901,0
782,-0.060124741,0.131401085,0
783,-1.158744473,0.78839012,0
786,-0.251094683,0.328343177,0
787,0.029334985,1.579531002,0
794,-0.678935607,1.486674733,0
795,-0.964161138,0.060119844,0
796,-0.232733977,0.905310164,0
797,0.069180086,0.738681205,0
809,-0.280944241,0.083234975,0
812,0.278761219,0.565748428,0
813,0.536564771,0.756799132,0
818,0.495210645,0.131527685,0
819,-0.729456636,0.672789987,0
821,0.49005439,-0.003018162,0
823,0.288327941,0.591159599,0
825,0.898759578,1.141163179,0
840,0.307523503,1.71618464,0
841,0.906684339,1.162850604,0
845,0.538018768,1.501745078,0
854,-0.168765194,0.2173168,0
856,0.283578981,0.096161232,0
859,-0.287816259,0.664981493,0
862,-0.609712973,1.494694233,0
863,0.05519433,0.344130554,0
865,-1.297177717,1.139886618,0
866,0.322795028,0.442009005,0
868,-0.643946726,1.598258791,0
871,-0.289992514,0.795667077,0
872,-0.61218398,1.501985691,0
873,-0.609104723,0.92154761,0
879,-1.238327415,1.022657491,0
880,0.041731643,0.77534256,0
892,-0.285580542,0.190522623,0
898,-0.944009464,0.795824037,0
899,-0.319559699,0.064267888,0
902,-0.277483287,0.614538012,0
907,-0.103509843,0.41856305,0
910,-0.068637753,0.240283237,0
911,-0.127731788,0.556735966,0
918,0.160070732,0.862095359,0
924,-0.488056019,0.47644209,0
933,-0.819846449,0.18529392,0
945,-0.149136066,0.029021836,0
953,-0.322760209,0.083403486,0
954,-1.049540482,1.016285673,0
961,0.176192448,0.091224541,0
973,0.101669089,-0.084826685,0
987,-0.024908699,0.567902143,0
994,-0.020464318,0.567696762,0