,0,1
0,-2.60613958133,-0.0425075016402
1,0.0156143492952,-0.160119218967
2,-1.96825506529,0.86019610916
3,-7.01985382606,-2.20801012979
4,-1.74037248566,-1.15852313963
5,-5.12243227565,-0.208097091421
6,-1.54722750497,0.812892192427
7,0.840488757406,0.848811657947
8,0.0529171405894,-0.42451327992
9,0.309435722862,0.321877849088
10,-1.74384576297,1.27008444974
11,-1.47802927749,1.44471692285
12,-2.23511525535,0.342777409579
13,-1.89900696745,0.194019243052
14,-0.298648136576,0.923191625378
15,-0.853229608126,2.26395114888
16,0.797443973169,1.31956797998
17,1.22405020159,0.3169420451
18,-0.275815128086,-1.77110703445
19,0.852794859164,0.561582020947
20,1.02315041524,0.25208934731
21,-2.75338025052,-1.69958110423
22,1.27612764678,0.519370985011
23,-0.568256360107,1.51980424023
24,0.890102132866,-0.36000883636
25,-1.30272700094,-0.305561404831
26,-1.83336099776,-1.25857512943
27,0.185276186819,-1.65029345954
28,0.185276186819,-1.65029345954
29,-0.173622981576,1.12983252543
30,-0.696214078113,-0.0189425560107
31,0.879093530484,0.238480393574
32,1.43542313739,0.29135781781
33,0.275515102837,-1.70494370291
34,1.24065878423,-0.0406923787715
35,0.116088199405,-1.32149779966
36,-6.90979248325,6.55492397902
37,-0.880243087339,-0.380531687729
38,-1.09023785223,-1.47238929022
39,-0.631121920067,-1.36416149021
40,-1.33381359228,-1.36682529093
41,0.488765718535,0.983913971936
42,-0.737815010503,-1.16013966769
43,0.245760312797,-1.87346166113
44,0.678160975988,0.756791321126
45,1.2361171873,-0.0211727784579
46,1.33273119521,0.00986855740924
47,0.522548471162,-1.47280481176
48,-0.57267575834,-0.199201025762
49,0.201797213377,-1.64587180842
50,0.419324512198,-1.73629324457
51,0.25983373453,0.0416380273122
52,-0.588398139457,-0.285656356238
53,0.402738122453,-1.12036882651
54,-1.59455149069,0.807506003717
55,0.591252936044,0.714415463692
56,0.980001831176,0.688264796292
57,-0.768797309509,0.367365918578
58,0.0444084307852,-0.424705657621
59,0.124381521972,-0.607296201574
60,-1.07272945576,-0.290871101988
61,0.492296090152,1.50828953891
62,1.49163361088,0.514631465572
63,0.634042577607,1.05690347812
64,-5.05331347444,4.63230865136
65,1.49150794866,0.298592569293
66,0.207304222229,-1.64439792472
67,0.204746205044,-0.230487180399
68,1.32481065653,-0.0440890363472
69,1.13899263033,-0.0246247889636
70,0.284749328373,1.95471780471
71,-3.8108802686,-0.419016460109
72,-2.30031939636,-0.982977860765
73,-0.0639284330399,0.454434217364
74,-1.58840586184,-0.782072955514
75,-1.03399986687,-0.764304872162
76,-1.15344668098,-0.454003259478
77,-4.71520818251,-2.30408419471
78,0.470619865623,-0.187052922739
79,0.623172818464,0.000256923116215
80,-2.78915608121,0.944408411799
81,-4.52401322539,-1.83952059594
82,-2.20632411865,-1.94765506461
83,0.441606149389,0.550926473746
84,0.436344648343,0.574110061128
85,-0.0499907514552,1.44570814311
86,-0.782208789704,1.07875749125
87,-0.785403683609,-0.664793365264
88,-1.92622598043,-1.24752533504
89,-0.987716689849,-0.0932774661813
90,-2.67346304472,-1.54938264331
91,0.0102193923698,0.439682083257
92,-2.27494477934,-1.76423574694
93,1.21270971847,-0.0901365655304
94,-1.18914202867,0.323561949509
95,1.4424386405,0.600885293735
96,-1.70865884004,0.187661890939
97,1.36953848848,0.353356350634
98,-2.18459462804,0.479736492809
99,-1.72020155634,-0.771146732554
100,-2.78240588496,1.29664216717
101,0.123107637868,1.51544597715
102,-0.469108498162,0.658109585817
103,-1.43366425972,-1.26046046811
104,1.22042470579,0.385952699035
105,-0.976320326535,-0.428670227649
106,-0.156777868117,-0.491055904214
107,-0.0544776975163,-0.0717791577935
108,0.153310197869,-0.816795723724
109,-1.33690435641,-1.40600853538
110,0.763338871479,0.153138454856
111,0.0529933092737,0.834130193108
112,-1.83727195628,-1.31405149591
113,-0.612912010825,0.566457457317
114,0.0604040240606,1.16437860864
115,-0.890525130116,-0.605663631924
116,-0.889192176513,-1.07184432243
117,0.370837265728,0.639155801924
118,0.887580895041,0.430930131611
119,-0.459706746072,-0.18189758013
120,-0.0884507363087,0.82255572072
121,0.514174185765,0.690700635186
122,1.10290862306,0.182719581245
123,0.426925022861,-0.990175479173
124,-0.252198662824,-0.743373172623
125,0.0215889879088,-0.0523255745555
126,1.57391805227,0.628366518998
127,0.267794497634,0.853525590286
128,0.205712770656,1.53755423275
129,-0.40418334143,0.936841927308
130,1.58531394025,0.505130751917
131,1.16299194893,-0.116625375784
132,0.524456789983,0.597692200431
133,-1.50501314916,-1.14705931506
134,0.428450059777,-0.127455831212
135,-0.270134548839,-0.215934119798
136,-0.0369303782509,-0.00951329547663
137,-0.0916327192865,-1.38168372135
138,0.394008536187,-0.79682030289
139,1.52359140788,0.350887060752
140,0.640876314753,1.56406538251
141,1.54944978869,0.484168047794
142,-3.66925811542,0.146464858218
143,-0.390331931696,1.05701611393
144,-0.412359967106,1.0511205791
145,-1.26351182807,0.386786160001
146,-3.09545747396,0.0584677412712
147,-0.603955060944,1.11091359869
148,-1.44210598059,0.555016663302
149,0.186950063379,0.700607017347
150,1.04652794692,0.346470247367
151,1.20688692261,0.13392969371
152,-1.45050899032,-0.407250731368
153,1.46653436665,0.258214152008
154,-0.324247825466,1.07470271841
155,-4.85951433787,1.56380592524
156,0.0673896182041,1.3168118703
157,-2.09163716031,0.21011296834
158,0.126372966002,0.684394296577
159,-1.12155418011,0.648398522666
160,-0.663842316711,-0.891349832827
161,-2.05564639038,-0.850556896634
162,-0.524469699628,0.815259789896
163,-0.612252717963,1.18404316296
164,1.19654300044,0.271486559197
165,-2.5597808694,3.85873995781
166,-1.48905625017,0.571341835916
167,-0.648876870022,2.3058184782
168,1.43695799949,0.608398665402
169,-0.16975783643,1.75019754322
170,-0.802810247733,0.736483915255
171,-0.229090123543,1.56340168197
172,-0.405915875788,0.613719361772
173,0.137520482846,-1.64393492543
174,0.366632893514,1.45820125385
175,0.549640871803,0.53809066231
176,-0.637758325659,-0.709287649556
177,1.21328273795,0.171506429683
178,-0.113771560108,0.918119240939
179,0.0812854566719,0.671422438274
180,-1.00866184608,1.12453266629
181,-0.263670728089,1.09091543918
182,0.0305459519222,-0.894096627513
183,-1.68026695753,3.15935169924
184,0.594548154863,-1.49400863174
185,0.161438814373,0.97460548921
186,-0.854734110258,0.152186204985
187,0.459409911529,-1.45600853377
188,0.202879351283,-0.823953719148
189,0.349267529326,0.191791599218
190,-0.514558624134,0.587234344073
191,0.401855279771,-0.606508950155
192,0.585424424361,-0.755264742159
193,0.187411066743,1.59932832049
194,-0.241642692679,1.096810974
195,-0.260143853904,1.07889992444
196,-0.0402003103568,0.950769127562
197,1.30975102748,0.481715890058
198,1.3580999271,0.422799791695
199,1.3580999271,0.422799791695
200,1.1872944332,0.138632097979
201,-0.247149701531,1.0953370903
202,0.264181686453,-1.61003560019
203,0.356135590283,1.73332633926
204,0.333674159721,1.68843649283
205,-0.236135683826,1.09828485771
206,1.37558636558,0.448214926834
207,-0.498297666149,1.13322055061
208,-0.498297666149,1.13322055061
209,-0.498297666149,1.13322055061
210,-0.498297666149,1.13322055061
211,-0.0419637816525,2.17216429597
212,1.08769818411,-0.000191573060119
213,-2.94701207409,0.150557378561
214,0.588057807238,-0.131322333914
215,-1.74600529192,0.184177459936
216,-2.10111023295,1.58727202838
217,0.657076394518,-0.384213782768
218,-4.82466160644,-0.986383537667
219,-6.77157538393,-0.516901375864
220,0.372587562108,0.8038179226
221,-1.25550396822,0.976500737669
222,-4.18206908361,-0.478057666123
223,0.356709526445,1.41633275396
224,-0.256929383316,1.33176367446
225,0.751869265732,-0.147093618353
226,-1.19159290546,0.307357059754
227,-0.478444073336,1.03343397463
228,0.145842975313,0.233247352893
229,0.964815233487,0.170589131917
230,-1.86138709862,-1.67169529655
231,1.43157476929,0.706120233224
232,0.318579527969,-0.338411044254
233,-0.0223655838275,0.673097006105
234,0.670958804895,-0.280199495923
235,1.18836068082,0.296305858502
236,-1.3461361256,1.06013067337
237,-4.11122683289,0.286989392897
238,-0.879696886614,-0.70935752204
239,0.744491636276,0.631990077599
240,1.49798258351,0.514735352724
241,-0.241642692679,1.096810974
242,-1.57944683638,2.05795326187
243,-2.53374866421,-0.211343352908
244,-1.12695084942,0.785412162539
245,0.50093237212,0.421658690083
246,0.134824440581,-0.66841709696
247,0.134824440581,-0.66841709696
248,0.605395905283,1.42337975044
249,0.0788834826864,2.07051421933
250,-0.498240491047,1.00202233515
251,0.0838399529322,0.443834400278
252,-1.51016546956,0.524744283924
253,-0.0796301984686,-1.39673216083
254,-0.758057219173,-1.24473851644
255,-0.543634699831,-0.691398003127
256,0.120999456288,-1.64835657655
257,0.231139633338,-1.61887890242
258,0.425559474215,-0.486812344829
259,0.0294678451595,0.825242001853
260,-1.21708474929,0.571558827167
261,0.767353203556,0.152523305672
262,-0.174669858642,-0.593551418335
263,-0.00349500645812,-0.589471284843
264,0.0697631723635,-1.54103541017
265,-0.834949714246,1.17620837405
266,0.102805225479,-1.53219210793
267,0.642628230213,-1.10890527701
268,0.097298216626,-1.53366599163
269,0.414807399551,-1.82462983363
270,1.56450008489,0.571416268812
271,0.102805225479,-1.53219210793
272,0.220746260909,-0.343573946915
273,0.637664359905,1.47762543183
274,-0.241642692679,1.096810974
275,1.23716173232,1.0247255432
276,-0.721728734862,-0.832132797953
277,0.108312234331,-1.53071822422
278,0.213939489671,2.02136216385
279,1.58386582235,0.473640525887
280,0.394080381699,1.82762674738
281,0.357633018987,1.73631899569
282,1.42461964255,0.673156123488
283,0.390703654017,1.94782496901
284,0.0584788504277,0.826015579043
285,-8.09515509946,-0.277558011363
286,0.755066460649,0.762185228956
287,-2.60184293284,0.178739706627
288,-0.655915369027,-1.83072381753
289,1.27780903912,-0.0903629884575
290,0.617418418534,1.46499313148
291,1.25756389513,0.0312211535595
292,1.21077280057,0.36969327454
293,0.703143409474,0.908555258496
294,1.27125052625,0.738675953672
295,-0.655789388226,1.25604828804
296,1.47102665276,0.267192121296
297,-0.123321407544,0.354813199981
298,-0.219315179198,0.54424833534
299,1.02923695536,0.669984972078
300,0.0112659849607,0.146294057428
301,-0.336082278469,-1.77068892418
302,1.44417837575,0.220773839611
303,-0.503149230555,-1.80603135324
304,-1.46570626884,-1.19439603584
305,-0.343969303319,0.783032026255
306,1.5479836623,0.437763875229
307,0.424221533782,0.876277781047
308,-1.05065525513,1.56611585272
309,0.229829045728,-1.44038939924
310,0.0493816517757,0.117616931762
311,1.15143329823,0.000224706708616
312,0.252142543856,-1.310006844
313,0.431127349715,0.937739460384
314,0.340303996308,-1.3149222743
315,0.200363177609,-1.48974578581
316,0.432191383267,0.901737805202
317,0.340254685496,-1.2864247047
318,-0.0465191484789,0.546432989476
319,0.0686842401186,0.833862673718
320,-0.7151990785,1.14774239642
321,-2.12998262968,0.096248517731
322,-0.169702788714,0.529015719096
323,0.399779968551,0.817898536171
324,0.141423076242,-1.20188942661
325,-0.232334479242,0.0351339850567
326,1.35243392027,0.201757681002
327,0.0488989458115,0.107120189752
328,0.0789461415182,0.109978179132
329,0.0603956694807,0.120564699174
330,1.25326885226,-0.0917470941314
331,1.28930576278,-0.0769184790347
332,0.432822021666,0.82674183841
333,0.301709477628,1.14193610662
334,-0.141371967558,1.53109589158
335,0.265041928706,1.20210345831
336,0.894110179553,0.883534537706
337,0.57096954679,1.1695581111
338,1.4104988662,0.222481830924
339,0.344169498121,1.20772965904
340,0.332672774452,1.19428514962
341,0.342672069417,1.20473700261
342,0.886751967144,0.787061695899
343,0.326151042859,1.20031535149
344,1.42161150553,0.168434459135
345,1.22997388983,0.348725366185
346,1.53589879301,0.406373089757
347,0.663213966662,1.50975977741
348,1.58097180063,0.604335489532
349,0.277658544791,-1.58310169232
350,1.59584525199,0.49758177732
351,1.36224637414,0.0307273743804
352,0.536276482312,1.53959092279
353,1.5176265196,0.418275054812
354,0.871934386696,1.34284954216
355,-1.21739870356,1.24329605002
356,0.536776704645,1.44768940009
357,-3.53651554137,-0.059239369263
358,-0.0667321877148,-0.515679867659
359,-0.711123236869,0.228597869425
360,-2.4330076723,0.437814050377
361,-0.889283994229,0.435822684337
362,0.87881371799,-0.182382688397
363,-1.65125395144,1.40444158064
364,-0.152707009376,0.135268907046
365,-0.978832953314,-0.21200180411
366,-0.674614920829,0.846675349645
367,-0.45557623497,0.154729115968
368,0.124204674467,-0.00153236227726
369,-0.835650723149,-0.173680827743
370,0.732619914647,-0.235373851854
371,-1.34276784139,-0.615247308762
372,-0.357039711322,0.53589881228
373,-0.14383031165,-0.536314239548
374,-1.22362113413,0.58828935703
375,0.0274029271773,0.0832238273351
376,0.773923113028,1.18144904626
377,-1.041889842,0.636927519341
378,0.950772201643,-0.104415193234
379,-0.415198613631,1.46938161807
380,-0.733080258867,-0.694019796134
381,-0.661489143785,-0.674859307951
382,0.238776526371,0.658172973853
383,-0.325561603782,-0.58495240186
384,-0.246899534272,0.565376486409
385,0.00487879131311,0.646914719227
386,1.26288406289,-0.148787122349
387,0.300033572959,0.57089215823
388,-1.22712065549,-0.584295750927
389,-0.132887307356,0.383355658598
390,-0.0984464471606,0.452186756467
391,0.0744595056294,-0.195375851712
392,0.0888364127074,0.472897609346
393,-0.323551655749,-1.38901381901
394,-0.871172567568,0.68261791424
395,-0.771700334246,0.212385148654
396,0.259553687135,0.518588004245
397,-0.816201100666,0.754351890506
398,-0.419087782875,-0.370627502514
399,-0.0887602231247,-0.521575402484
400,0.195400404762,0.542888367808
401,-0.342882903774,0.459339183749
402,1.19027822506,-0.160443524952
403,-0.595476050966,0.259549427259
404,-0.0314073311547,0.786339282983
405,-0.160351338207,-0.540735890668
406,0.0564847109556,0.0650883326953
407,-0.127309285092,-0.531892588429
408,-0.0832532142722,-0.520101518778
409,0.0323939716302,-0.489149960943
410,-0.0598973851931,0.462503942412
411,0.130912348859,0.471199280558
412,0.190803846802,0.887281599279
413,0.0519431140315,0.0846079330089
414,0.0213799539252,-0.492097728356
415,0.0213799539252,-0.492097728356
416,0.168078656122,-0.170319828703
417,0.184599682679,-0.165898177584
418,0.0487704245886,-0.329465479016
419,-0.330804852517,0.42628529598
420,0.0968166643448,0.202885195483
421,-1.6489933835,0.203864243504
422,0.27056770484,0.521535771658
423,0.660913890663,1.29212235764
424,1.27737564396,-0.129357300068
425,1.43647980442,0.242385758113
426,-1.32718756442,1.86447388245
427,-4.79960890292,-0.644805842787
428,-6.41109749536,-1.40673886663
429,-1.83060270026,0.0382198338265
430,-0.424167788071,-0.438518591075
431,0.546194341227,-0.179903328587
432,0.146050620712,-0.176215363529
433,-0.71586070341,-0.147328931341
434,-0.847913809439,1.31536055653
435,1.08767671641,-0.00978007083067
436,1.59343393623,0.638773482975
437,0.603926727697,-0.0614932137729
438,1.41687487942,0.495619753557
439,0.000332233542447,-0.0268416163476
440,-0.0612251788623,-0.514205983952
441,0.509314322163,-0.0694566534304
442,-1.57326963756,-0.090201252117
443,0.293605711061,0.519023597365
444,-0.281505532962,-0.573161332209
445,0.0996866805027,0.255373526234
446,0.391135820079,0.599555986853
447,0.697792432248,-0.178925038768
448,0.126534736746,-0.186622327506
449,1.29292085644,0.14954330505
450,-0.902316883755,-0.980997861714
451,-1.11348095708,0.617767031158
452,-0.602862367711,-1.48968680121
453,0.386705951286,1.60679798097
454,1.06623886007,0.0492115172366
455,-0.264720746287,0.443971900457
456,-0.506473379398,-0.436007677023
457,-0.123956708112,1.75702873328
458,-0.0557181700098,-0.512732100246
459,-0.644154481897,1.36989425367
460,-1.10549415692,-0.245901129357
461,-2.3087556935,-0.944949907566
462,-0.802817213728,0.541904876013
463,0.33111858259,0.52725637112
464,-0.0237844744279,-1.33629900859
465,0.385608659299,1.07944870618
466,-0.0182225045399,-1.65969875604
467,0.0494366128111,-0.207256699396
468,-1.4596889603,0.459124720329
469,-0.0977115369143,0.0238195889158
470,-0.0171691080423,-0.502414914301
471,-0.468743833947,-0.623273378227
472,-0.127309285092,-0.531892588429
473,0.0567090526614,-0.776259690509
474,1.44788527299,0.325795811253
475,0.275561994784,0.955112262674
476,0.362962670117,-1.38402270626
477,-0.441929938943,-0.413239108156
478,1.6154172648,0.543935844937
479,-0.0371344395368,0.0400323096864
480,-0.306977873309,-0.0321879919277
481,0.0630855667243,-0.786990254369
482,0.0469681219548,0.0651332217116
483,0.24874305319,1.25178845219
484,0.629305453738,1.49975982291
485,0.255840959911,1.37996486431
486,0.334293732574,1.30837959024
487,1.25138733922,-0.162231631772
488,0.345441844404,2.01135856414
489,1.59980552132,0.524560574198
490,1.57536395609,0.466181329323
491,1.45005298756,0.761516107757
492,0.0243049516049,2.17765764436
493,0.546376612967,1.68672305229
494,1.52099864331,0.427307575642
495,0.348335866123,1.88066360049
496,1.54645493128,0.478182734936
497,0.600196061748,0.658168326015
498,-1.69966619771,-0.767340230619
499,-3.00217100211,-0.921760772489
500,-1.57825299476,0.27689316893
501,-2.02434055444,1.03425112279
502,-5.77699685749,-2.62454540523
503,-0.482292394128,1.87818765157
504,0.825786181454,0.832587836381
505,-0.813134739557,0.990129627949
506,-3.09619983655,-0.205698782849
507,-1.07356364211,1.46491105378
508,0.931670224297,1.00607213124
509,1.54140801593,0.601522389168
510,-0.0480767909858,1.15127882716
511,-0.382614772843,1.02338539522
512,0.970224936488,0.720013255625
513,-2.18653332709,1.36642915702
514,-1.16702766321,0.00256839942077
515,-0.856964383097,0.64110176581
516,-1.09987541994,0.743295148151
517,0.3443142293,0.714475368598
518,1.09155403364,0.250024058575
519,0.639826107938,-0.256644327892
520,-1.64060461843,-0.253368361027
521,0.375292439772,-0.213400467397
522,-0.514525130797,0.252772215144
523,-1.72404738658,-0.549156109306
524,0.51644327991,0.304353684319
525,0.326765142532,1.21921323185
526,0.577800892668,-0.304347274693
527,1.48649046381,0.372060100837
528,0.555522689999,0.219717794368
529,0.307715421865,0.664636954138
530,-0.0286768972575,-0.820920359513
531,1.22515935973,1.03826911674
532,0.398869016819,0.755899907486
533,-0.315027587685,0.747688594566
534,1.22587355235,0.304538632258
535,-0.379762580504,1.58616604822
536,0.502938398699,0.985528613982
537,-1.32616605273,1.94897011473
538,-0.0204748946422,1.28527719497
539,-0.427345377552,1.7165248593
540,-0.965020413682,1.84567089578
541,-0.965020413682,1.84567089578
542,-1.34660368803,2.18544815869
543,-1.34660368803,2.18544815869
544,-0.235341031528,0.318392037914
545,0.19161812504,0.58600621046
546,-0.206832004394,-0.910071606158
547,0.0720123239663,1.38685124297
548,0.112426576616,-0.739093642384
549,0.167061650908,2.07428366327
550,-0.827345192369,1.88251798844
551,1.2189184256,0.271574522521
552,1.065111014,0.298701283491
553,1.00311340694,1.11072532822
554,-0.871401263189,1.87072691879
555,0.602628344362,0.810433604623
556,1.38617380618,0.476613055877
557,1.54653554441,0.406273649199
558,0.835354338702,0.779152152108
559,1.57595210172,0.484127605372
560,0.387687032733,1.80362165831
561,1.54196264517,0.469204765649
562,-0.0617429354465,2.29556030577
563,1.42462424652,0.543925381024
564,1.41264481689,0.519984129591
565,1.43310307674,0.362583979748
566,0.282067132865,1.8751702521
567,0.713040646658,1.46605372795
568,-1.29984003913,1.87165090648
569,-1.36649619898,-0.213769160056
570,-0.190906526591,0.694051050334
571,0.0111394335244,1.08923143032
572,-1.05922425044,-0.902811703991
573,-1.05922425044,-0.902811703991
574,-0.659398327777,1.8233202131
575,-0.29624908342,-1.05154030383
576,1.27038866096,0.067157745832
577,-0.522678875509,-1.59073600121
578,0.206992400842,-0.0385582096147
579,1.08647515258,-0.183758144865
580,1.01289810465,-0.0501663359328
581,1.49685017494,0.190335136956
582,0.064402563811,0.181683352616
583,-1.46128824471,-1.10644877899
584,0.0150534180069,0.7392285426
585,1.53640714161,0.128703564079
586,-1.53699671755,1.53094671041
587,0.0633535106952,1.79891978454
588,0.613489515148,0.013568597
589,0.128842432755,1.11416207237
590,-0.36627328299,1.40872421239
591,0.536376506652,0.945603459483
592,1.04111309812,-0.146290453794
593,0.44413940046,0.949717465719
594,-0.512457822909,0.671884231493
595,1.47294708806,0.548246742743
596,0.91365914523,1.10866463987
597,1.28081348679,0.219304556289
598,-1.2605110072,1.14033124524
599,-0.592131724297,1.65967467506
600,1.01541605427,-0.220919460639
601,1.50448064693,0.249036452763
602,1.26622893431,-0.0395061883474
603,0.863252453137,0.130565206061
604,0.680817692117,-1.27393616166
605,0.286449241519,0.489567869485
606,1.28317598949,-0.00906063013252
607,1.03914982718,-0.0209606119987
608,1.57988188484,0.186993030922
609,0.927002407207,0.319896290888
610,0.793382868143,1.1559089066
611,0.736486670214,0.809479112468
612,1.51297514666,0.243525244812
613,-1.56515452252,2.83227906956
614,0.330587891256,1.13324871118
615,0.258282433176,0.900820439659
616,1.07627518788,0.506868169474
617,0.846350532202,0.954484786335
618,-0.565629241778,2.19523317954
619,0.930662877752,1.123583033
620,-5.85996886878,6.17997101516
621,1.67373718724,0.365033643946
622,0.968147906168,1.16990187413
623,1.51051745849,0.0388340931737
624,1.63333143876,0.363590540136
625,1.44399259058,-0.0308172274293
626,0.7958067383,1.21630002937
627,0.950178761718,1.13398999698
628,1.56292746313,0.143577068192
629,1.61835715172,0.333663975845
630,1.44399259058,-0.0308172274293
631,1.52513470179,0.274302811734
632,0.586902120252,1.51547551707
633,1.55658530855,0.207917854281
634,1.47843345077,0.03801387044
635,1.52213984438,0.268317498876
636,1.59137860851,0.200437540345
637,1.70381756883,0.441323561941
638,0.96926806857,1.16984732259
639,-1.29158465548,0.964801386154
640,0.266440821725,-0.57652844987
641,-0.563556284333,0.420802697629
642,0.528655983448,1.01689314597
643,0.660048247146,-0.037363794188
644,-0.62064768811,0.932315958285
645,0.93403714298,0.836371968175
646,-0.720485504428,0.0390706998849
647,-1.09661648551,-1.62300062305
648,0.745036130985,0.47909427336
649,0.996730676218,-0.311209477168
650,0.485652390344,-0.48247506997
651,-1.46159820108,-0.835045042971
652,-0.587884329247,-2.03346811515
653,0.0676290467543,1.46932137995
654,1.11412184488,-0.419753110908
655,1.11412184488,-0.419753110908
656,0.217815714476,1.51210889645
657,1.10189586119,-0.301206514337
658,1.43588217518,0.0421858617331
659,0.559406662175,0.989387146431
660,-1.46940340236,-0.937312901697
661,0.397403872105,1.03101099064
662,-0.0283634091281,2.14971161611
663,-0.222592478067,-1.63102669252
664,1.52655799315,0.226434417988
665,-0.94746133756,-1.67013219882
666,0.0181804723743,-2.13342301938
667,-0.416735441303,0.00444751125448
668,1.33312315351,0.0716962044369
669,0.260374356592,1.52090730967
670,-1.46371858094,-0.968321099839
671,0.444904247862,0.495933185183
672,0.890117373352,-0.352702666029
673,-0.0879831275749,-0.683442781981
674,-0.139136607351,-0.939081314123
675,0.375195462393,-1.9792554427
676,-0.162919925971,-0.21272953426
677,0.979797722206,-0.345036942127
678,0.979797722206,-0.345036942127
679,0.356067598128,0.605245775412
680,0.445821165547,-1.98108843854
681,-0.108610385653,-1.40881526939
682,0.375566276035,-0.539546690161
683,-0.0900015848301,0.196447924238
684,-0.097863726311,-0.672434777938
685,0.630970308088,-1.59199821374
686,-0.0890945016869,-1.39840830542
687,0.431689995959,-0.26533707026
688,0.296160864377,-1.74550072108
689,0.0481048175681,0.0786139128039
690,1.51351452996,0.238494821737
691,0.717555611268,1.28896483301
692,1.62929703208,0.285750693083
693,1.566912559,0.249914484847
694,1.44192341488,0.219334333553
695,1.50998028925,0.237539931954
696,1.38566743204,0.20644761578
697,1.18768965848,0.102948252976
698,1.637904338,0.300659423686
699,1.61929773712,0.275298840089
700,0.282201300076,-1.78293137095
701,0.292683301005,-1.76198277594
702,1.44062046687,-0.0398497482587
703,1.64341134686,0.302133307393
704,1.50800015458,0.224050533515
705,1.55693774832,0.131606442476
706,1.53196361782,0.142702293916
707,1.57792657671,0.25286225226
708,0.546089674965,1.56085732797
709,0.412075168787,1.57537235684
710,1.51728216002,0.250233154554
711,0.351289762617,1.36808897868
712,-1.11179841795,-1.24346447092
713,-0.475347558093,0.296293003404
714,-1.38230732474,-1.32547028551
715,1.46370268216,0.174042300679
716,0.342793633261,0.16794552759
717,-1.83875658953,0.0429595640801
718,-0.213775570626,-1.41881823222
719,-2.77486328273,-1.056312081
720,0.0868508673944,-2.06938679388
721,0.427932057474,0.735019255956
722,1.50072437827,0.206783943179
723,-2.31178367348,0.166083229694
724,1.35255818453,-0.143403725887
725,1.13721612791,-0.25618381556
726,-0.865474542682,0.567819192103
727,-1.48606737452,-1.75315127938
728,-0.30077068793,-1.02381090965
729,-0.298066943463,-0.845936555647
730,-0.600963067405,0.266285337422
731,-0.558563678658,-1.98881209056
732,0.121483320613,-1.81816991285
733,0.0598697978956,-0.93865398691
734,0.48355077777,-1.2977926972
735,-1.46462409128,-0.1395184198
736,0.0373808258934,-0.972709382336
737,0.277176997187,-1.77390851264
738,1.32753474322,-0.103810304846
739,0.926104973064,-0.309376481331
740,-0.134661834529,1.39672630289
741,1.31432436109,-0.327786786054
742,1.31432436109,-0.327786786054
743,0.457663308713,-1.1939867524
744,-0.301637222847,0.942528081351
745,-0.500646409772,0.161732382383
746,-0.0431729701982,-0.724284198548
747,-0.328681079932,0.0915328309134
748,0.473724241774,-1.31437863922
749,0.392356712933,0.181210480948
750,0.473822863397,-1.37137377842
751,0.259158541926,-1.78132282019
752,0.270172559631,-1.77837505278
753,0.563030326773,-0.0409776161095
754,1.30131083506,-0.34114349529
755,0.0858124718031,-0.394193398945
756,0.125137031007,-0.348492461509
757,0.0315178805141,-0.373548484518
758,0.0205038628091,-0.37649625193
759,0.475163585508,-1.95409553254
760,0.282523342508,-0.5063253776
761,0.0425318982191,-0.370600717105
762,0.271669988335,-1.77538239635
763,0.315565395623,-0.497482075362
764,0.0920949778916,-0.357335763747
765,0.130644039859,-0.347018577802
766,0.597388617722,-0.506999878614
767,0.48293734543,-0.0675973008574
768,0.827218732577,1.01156970357
769,1.65475332005,0.336625852377
770,0.872745864253,1.01736617428
771,0.799587219483,0.228428280973
772,0.497643375813,0.993041672571
773,0.831651392406,0.448209487508
774,1.4416357381,-0.0988281025649
775,0.171664921669,1.23936387417
776,1.39970773438,-0.18262248258
777,1.52249688812,0.0627753446066
778,1.59437346592,0.206422853203
779,1.55741530182,0.322808195675
780,1.60449842311,0.432913602476
781,-2.94471057614,0.814130770778
782,0.0134864464743,0.0150132804229
783,-1.23504158858,0.749136111118
784,-0.207714775626,-1.4530082947
785,-1.57859488325,-0.954481966037
786,-0.188682480964,0.20285316207
787,0.0279666404235,1.52350341879
788,1.65833632309,0.360557441284
789,-1.33071821024,-0.908873518155
790,1.16171160793,-0.355532882749
791,1.16171160793,-0.355532882749
792,-0.34960450758,-1.169066969
793,-0.364073232375,-0.329673423288
794,-0.640565727951,1.20831176909
795,-0.880329403795,-0.110047387427
796,-0.311380714818,0.887562701835
797,-0.0108121731517,0.76805076211
798,0.258293965687,-1.66563602771
799,0.258293965687,-1.66563602771
800,-0.115197654094,-0.597533620314
801,0.0514826056343,-1.59495682225
802,0.43780200525,-1.97805089309
803,0.158534953876,-1.81084538334
804,0.0830272300452,-1.58910617644
805,-1.43549867298,-0.179139733862
806,-0.0105493318156,-0.864098644374
807,1.22581982699,-0.110719414163
808,-0.0184242396498,-1.42964249439
809,-0.205296478921,-0.0409494114044
810,0.881466676361,0.0226105313043
811,0.174390113348,-1.51531394718
812,0.323855492769,0.47095727768
813,0.570651564419,0.674016872514
814,0.45983004066,-1.97215535827
815,0.510675283163,-0.470594222286
816,0.971844415387,0.18416908946
817,1.39951049113,-0.0686322041762
818,0.568736792939,0.0401814048981
819,-0.686590175523,0.524979332754
820,-0.558919491393,-0.596043606435
821,0.572645537397,-0.0980176443275
822,-0.760714232222,-0.284952044569
823,0.335734234669,0.488352618612
824,0.887392751767,-0.297911913416
825,0.922187379339,1.12511109181
826,0.187567426843,-1.80048330838
827,1.22334592082,-0.439766490401
828,1.10015663036,-0.160807699223
829,0.192339525449,-1.37064225712
830,1.18658196434,-0.128928583799
831,1.18658196434,-0.128928583799
832,1.35125799907,-0.26038666072
833,0.215503761506,-0.570422579082
834,1.58335944822,0.203475085791
835,0.141658057564,-0.344070810389
836,1.34473626748,-0.254356458846
837,1.16300497534,-0.302994621157
838,1.38569885927,-0.191555562851
839,1.25064589431,0.671747265883
840,0.269123449664,1.64992543834
841,0.91467386797,1.10116055429
842,1.48540700959,0.389009320481
843,0.465337049513,-1.97068147456
844,0.465337049513,-1.97068147456
845,0.411566094975,1.55588835945
846,1.22603083123,-0.450412008579
847,1.22603083123,-0.450412008579
848,1.39507858138,0.198953192725
849,1.6612944253,0.327515193887
850,1.59701127959,0.417950320331
851,1.59102156477,0.405979694615
852,0.0654752547104,-0.809269864378
853,0.0654752547104,-0.809269864378
854,-0.0979962608494,0.0916292803056
855,-0.131638398284,-0.619057096188
856,0.358108344056,-0.00251451886304
857,-1.99436818715,-0.612963031072
858,-0.860324265346,-0.682799428091
859,-0.245354270041,0.538492869335
860,-0.256350438779,-0.650862767843
861,-1.37066083707,0.168239679125
862,-0.615887553345,1.35437575885
863,0.114779581582,0.236514745193
864,-0.630890602282,-1.2823257261
865,-1.39877744382,1.10518171669
866,0.377384639959,0.344959332362
867,-0.763385886069,-0.260296203393
868,-0.612880537187,1.32386389452
869,-1.55301533574,-2.05500949785
870,-0.573494305111,-1.7508601629
871,-0.223075209069,0.570682746205
872,-0.574481621721,1.22599837357
873,-0.571625653736,0.74961749777
874,0.242006876969,-1.71074850452
875,-1.62398324428,0.10044102863
876,1.1670638663,-0.333010963481
877,-0.733453379317,-0.967266124941
878,-1.67311857903,0.42254644844
879,-1.21555978853,0.851751599639
880,0.0784952187051,0.661453663195
881,0.0464730482645,-0.797784341499
882,-0.184599917153,-1.4948524896
883,-1.27809334772,-0.845639828921
884,0.168386316406,-1.71490082154
885,0.427704088662,-1.93150760689
886,-0.502772506624,-0.545729055471
887,0.227348187146,-2.02042029933
888,-0.285270034337,-0.715509111392
889,-0.144943161046,-1.25265846688
890,-0.421678328627,-1.19872419919
891,-0.107501793218,-1.47421811771
892,-0.213643446752,0.060677722471
893,0.417271398544,-1.98095377149
894,-0.952646950346,-0.220426571902
895,0.396110153439,-1.9088606831
896,0.643407617151,-1.63691884007
897,0.0310838789873,-1.09150390988
898,-0.968284552013,0.602252350974
899,-0.239299192036,-0.0698825741249
900,-0.199354104665,-0.779945964304
901,0.149150244934,-1.30444470355
902,-0.220173543474,0.45327705669
903,0.439299433954,-1.97505823667
904,0.37263056398,-1.45619496669
905,0.125600617679,-0.792158140771
906,0.260722487501,-0.651628303814
907,-0.0462662054144,0.299865791718
908,0.0804164569777,-1.52759960809
909,-0.0420413593918,-1.1869565072
910,0.0011298984956,0.118159187021
911,-0.0922854486589,0.456644589256
912,1.32328955965,-0.306750390863
913,1.32328955965,-0.306750390863
914,1.01427117744,-0.313388288091
915,1.01427117744,-0.313388288091
916,1.27339170645,-0.416004795033
917,1.27339170645,-0.416004795033
918,0.19153163154,0.753911789383
919,1.33575169525,-0.27231239742
920,0.42892448655,-1.56900966067
921,0.198943826289,-0.841819098619
922,1.34130801492,-0.299336083315
923,-0.977837146819,-0.478270964239
924,-0.434220711973,0.339853110913
925,-1.9282462731,-0.0618891023574
926,-0.872685742297,-0.68313586641
927,-0.333093883175,-0.869172879863
928,0.0778769411373,-1.40967500655
929,-0.0874834709394,-1.56207422464
930,-0.8143715274,-0.89509263528
931,-1.67957426617,0.26190680569
932,-0.892912119004,-1.24359329476
933,-0.747348463771,0.0309083908114
934,0.270172559631,-1.77837505278
935,-0.128707597206,-1.37272383618
936,0.378722336577,-1.99127095744
937,0.259158541926,-1.78132282019
938,0.0181700702219,-1.83795058136
939,-0.33957195418,-0.595264186032
940,0.428285416249,-1.97800600408
941,0.0955386764543,-1.5831657526
942,-0.385161250001,-0.980627049921
943,0.0969515656601,-1.33556170833
944,0.216347695528,-1.35125732385
945,-0.0689707538782,-0.0925876839759
946,-1.04883514358,0.0098325825898
947,0.270172559631,-1.77837505278
948,0.292151284229,-1.74398194835
949,-0.141111990091,-0.951667089024
950,-0.190781224993,-1.68920889847
951,0.100434779256,-1.61545571502
952,0.540878031779,-1.62906975148
953,-0.24384078896,-0.0503629738113
954,-1.02522800851,0.850853819313
955,0.32272852646,-0.979660038347
956,-0.139732017064,-1.08019916557
957,0.226681764022,-1.24481602005
958,0.121483320613,-1.81816991285
959,-0.540822810251,-1.13739799898
960,0.226116488811,-1.79016612243
961,0.253962633751,-0.0191179437369
962,0.0920098320188,-0.791685489651
963,0.0287253102019,-1.46886125108
964,0.349940097641,-1.66103219374
965,0.349940097641,-1.66103219374
966,-0.425540874635,-0.985418450179
967,0.090685162284,-0.800812235107
968,-0.837913043891,-0.312132326959
969,0.239141929368,-0.430913278387
970,0.0216473986928,-0.923655467586
971,-0.755647436561,-0.386917145714
972,0.486177603213,-1.95114776513
973,0.191169249799,-0.201804652961
974,0.373961793806,-0.969536517587
975,-0.289040885953,-0.661509383125
976,0.642491516034,-1.6864098937
977,0.226116488811,-1.79016612243
978,-0.00213439265651,-1.69329172973
979,0.382282469196,-1.43993554219
980,-0.120882000184,-0.77868241656
981,-0.113074165258,-0.855345932244
982,0.312369973689,-0.978245152776
983,0.536198904573,-1.81952988039
984,0.536198904573,-1.81952988039
985,-0.148506686453,-1.53251104623
986,0.628507467455,-1.61598435419
987,-0.0901218317322,0.581846025304
988,0.372226242945,-0.346049015813
989,0.286693586188,-1.77395340166
990,0.466834478217,-1.96768881813
991,0.541705913425,-1.81805599668
992,0.464887601984,-1.4178272866
993,0.778299648684,-1.34521628088
994,0.0232287852286,0.46342541944
995,-1.64186328592,-1.3529447845
996,0.211910370451,-1.6851089243
997,0.159297472334,-1.37948555936
998,0.132097201601,-1.29086552708
999,0.237130506516,-1.78721835502
1000,0.164804481187,-1.37801167565
1001,0.352004771808,-1.89215418315
1002,0.0239475613718,-1.60232624078
1003,0.192339525449,-1.37064225712
1004,-0.254213766114,-0.423779146036
1005,0.132925083247,-1.47985177227
1006,-0.139002757041,-1.21219027157
1007,0.197846534302,-1.36916837341
1008,0.521224617531,-1.84945644468
1009,0.208860552007,-1.366220606
1010,0.203353543154,-1.36769448971
1011,0.466834478217,-1.96768881813
1012,0.16794727103,-1.4575190716
1013,0.281819429802,-1.65674783646
1014,1.63033658135,0.357605227278
1015,1.18235239209,1.04195034755
1016,1.62396499626,0.471818136055
1017,1.6468082971,0.390524447998
